sample_id,optical,electrical,temperature,label
1,0.7748357076505616,1.472347139765763,25.777226245720833,Reference-like
2,0.8261514928204012,1.4531693250553328,24.719035651660985,Reference-like
3,0.8289606407753696,1.6534869458305819,24.436630736878058,Reference-like
4,0.7771280021792982,1.4073164614375075,24.441124295715692,Reference-like
5,0.7620981135783017,1.1173439510684404,22.930098600984362,Reference-like
6,0.7218856235379514,1.2974337759331152,25.37709679911433,Reference-like
7,0.7045987962239395,1.2175392597329417,26.758778522705864,Reference-like
8,0.7387111849756732,1.5135056409375847,23.29030217654385,Reference-like
9,0.7227808637737408,1.5221845179419733,23.618807707093236,Reference-like
10,0.7687849009172836,1.379872262016239,24.649967500248067,Reference-like
11,0.7199146693885301,1.8704556369017875,24.98380333031448,Reference-like
12,0.697114453552205,1.6645089824206378,23.534987620034773,Reference-like
13,0.7604431797502378,1.108065975224045,23.406176741321882,Reference-like
14,0.7598430617934562,1.647693315999082,25.205641937427966,Reference-like
15,0.744217585880588,1.4397792608821423,23.225773611559088,Reference-like
16,0.7140077895802646,1.4078722458080426,26.268546671462698,Reference-like
17,0.7671809144784231,1.1473919689274532,25.388900763273753,Reference-like
18,0.7307458859791842,1.3646155999388083,25.734011546609043,Reference-like
19,0.8015499761247975,1.6862560238232398,23.992938972132833,Reference-like
20,0.7345393812074392,1.5662526862807127,26.17065415254683,Reference-like
21,0.7260412881077355,1.4628682046672365,23.672398031192767,Reference-like
22,0.6901896687959664,1.6625051644788396,26.627488034284987,Reference-like
23,0.7463994939209833,1.7007065795784049,25.43396323005716,Reference-like
24,0.7177440122697438,1.5722791211016829,26.845643879759162,Reference-like
25,0.7482086980445024,1.8129287311628013,21.856305875092307,Reference-like
26,0.7910951252187612,1.5174094136476342,24.64119117944096,Reference-like
27,0.7545880388267752,1.1024862170798215,24.736393734594987,Reference-like
28,0.7678556285755873,1.7955788089483034,24.378075738071622,Reference-like
29,0.7095753198553406,1.3996485912830927,26.09848254124249,Reference-like
30,0.7664375554829842,1.3940479592465922,25.615920919736027,Reference-like
31,0.7548538774674021,1.693728998106578,24.157536287347178,Reference-like
32,0.7336168926701115,1.4215783693735684,23.243782062241458,Reference-like
33,0.7648060138532288,1.552211054435978,25.006136147970953,Reference-like
34,0.7382706433312427,1.216925851589917,24.49522561268157,Reference-like
35,0.7328642741736615,1.3395445461556763,24.80645714600079,Reference-like
36,0.7702025428407269,1.8772371802421062,25.209493375398207,Reference-like
37,0.7628775195361382,1.4851108168467666,22.69747454164115,Reference-like
38,0.7486743062275392,1.5120460419882054,27.955890534982345,Reference-like
39,0.7403819517609439,1.5603094684667225,24.958345876353707,Reference-like
40,0.6915660981190234,1.7285645629030042,25.902319639224128,Reference-like
41,0.7895515973521523,1.3181225090410522,26.68335317312332,Reference-like
42,0.679907446860386,1.617371418760054,27.628546750971974,Reference-like
43,0.7004731837434656,1.3867404540794457,25.11958163810517,Reference-like
44,0.7248262172941901,1.1898673137867735,25.082275569767233,Reference-like
45,0.6968848143136948,1.5947184861270363,23.896690918919436,Reference-like
46,0.827496720250877,1.3433493415327526,24.61352618055319,Reference-like
47,0.7906758608684835,1.253827136713209,25.272951921524957,Reference-like
48,0.8153571377141214,1.1785033530877544,25.221560630238766,Reference-like
49,0.7629941397124211,1.656364574355462,23.5156591469463,Reference-like
50,0.6839771693457862,1.6043883131233796,25.356381607879822,Reference-like
51,0.7625246425172938,1.5692896418993951,24.183970334105812,Reference-like
52,0.7616126848580502,1.5586144946597362,24.14277829836836,Reference-like
53,0.8432887255572379,1.5947665841823575,23.570435803356823,Reference-like
54,0.7828276804316915,1.3050636659545356,25.944501524490942,Reference-like
55,0.8079297789503702,1.3358635363296578,26.156051355093187,Reference-like
56,0.7706390463468249,1.664412031998898,27.276151579184738,Reference-like
57,0.7377305941998564,1.349252767128502,23.932582684449372,Reference-like
58,0.709209485751728,1.484579658117179,25.409382369779973,Reference-like
59,0.763834539966501,1.6654366498072048,25.01560227025349,Reference-like
60,0.8226767038578658,1.4470686333524088,28.264202999907543,Reference-like
61,0.7812833673882503,1.3285684887167435,23.714929002326667,Reference-like
62,0.7741236207621592,1.4553074429348298,25.85680059291051,Reference-like
63,0.7736618812286773,1.4854342174686255,23.983847538317914,Reference-like
64,0.6742576387657068,1.4106970095865958,26.027678553188167,Reference-like
65,0.7607046872065102,1.2508522442576024,25.20781711102142,Reference-like
66,0.7692658689864419,1.3232285127597734,25.184470127134635,Reference-like
67,0.7529104359223,1.2714059404338753,25.42934483241794,Reference-like
68,0.7780392263184117,1.7166102486350554,26.264562462441884,Reference-like
69,0.6811165316021455,1.3124349920169753,25.618042320650392,Reference-like
70,0.7756892975456104,1.6030095372612096,29.623277788785664,Reference-like
71,0.7785445255346584,1.7271131280361198,26.144802116191844,Reference-like
72,0.7825695625652899,1.4369461510719308,25.910763064591922,Reference-like
73,0.7113587392731214,1.4526362786519982,24.417563742605076,Reference-like
74,0.7540937069693161,1.9629317133347017,22.759281768889903,Reference-like
75,0.7843130095187256,1.1774568257620697,24.43368176105268,Reference-like
76,0.8044475298483683,1.5128560038190926,23.706706266484833,Reference-like
77,0.7142348145370015,1.6359195497869352,24.123560041939434,Reference-like
78,0.7608229294790988,1.5091143679807628,24.21807958287302,Reference-like
79,0.8571972044662663,1.6267838044636023,22.569828896010872,Reference-like
80,0.7593227157384714,1.3676427070463224,26.02292000175547,Reference-like
81,0.710373963078365,1.4770527117066201,25.60598473477655,Reference-like
82,0.7932877597085061,1.2599407185888447,24.59859851699086,Reference-like
83,0.7262527344419522,1.3693341534852577,27.118545088337317,Reference-like
84,0.7702490855480478,1.2478232091329908,26.101434336465733,Reference-like
85,0.8561078098506316,1.7064930521102295,23.176756040855185,Reference-like
86,0.7257882963566874,1.7533822298373245,24.150796641257465,Reference-like
87,0.7721909714073114,1.6549268106858674,23.8876834341063,Reference-like
88,0.74702373219691,0.8517465319861854,23.77073483039885,Reference-like
89,0.737371592430342,1.25044336360703,26.95889356471796,Reference-like
90,0.6784929311019684,1.4119911026606031,25.15688869274331,Reference-like
91,0.8220636644533058,1.2128275697641122,26.395796502585952,Reference-like
92,0.7505116530509793,1.3036982697904098,25.554524169115926,Reference-like
93,0.7599529847786735,1.379956624568241,25.083762501988023,Reference-like
94,0.730734320156912,1.5227034690502497,25.794556809425256,Reference-like
95,0.8293008408072676,1.2524369002346303,27.55964004958752,Reference-like
96,0.6523956100238749,1.4696429809928833,25.70598064778149,Reference-like
97,0.7640495933867516,1.3754600960358812,24.75025329957127,Reference-like
98,0.7253499532670583,1.3821270486111576,26.01952251642523,Reference-like
99,0.7678507742982523,1.361418080947869,26.0795198505199,Reference-like
100,0.7653649760438305,1.662572423767792,25.755554610308334,Reference-like
101,0.7085502494538964,1.387963791960606,25.896752326147915,Reference-like
102,0.7805185132716732,1.4958196812071705,25.14079285997054,Reference-like
103,0.8138832447894212,1.381685722232834,25.656516857404046,Reference-like
104,0.7398903673783053,1.456463759354556,26.31853222238463,Reference-like
105,0.7912708174494015,1.6627019272001278,26.566574568585196,Reference-like
106,0.7510501920816379,1.6363905942589927,24.62767989208785,Reference-like
107,0.7662083176244221,1.4739713891264632,25.116395157991263,Reference-like
108,0.7797578512718457,1.3363558633533055,27.51086473082255,Reference-like
109,0.6996991309250149,1.2571622774424536,26.389733048200082,Reference-like
110,0.7895831346981468,1.6248239634104311,25.754014611117135,Reference-like
111,0.7493876613576542,1.3205491257028337,25.090965469832472,Reference-like
112,0.7161419144243945,1.6950239466835502,24.823531142197435,Reference-like
113,0.7087251401603745,1.4357228316694013,25.495517745130748,Reference-like
114,0.7218137723598013,1.3355559208867138,25.292424653790295,Reference-like
115,0.7622483285554361,1.398611364925774,24.434754033258013,Reference-like
116,0.7616024968678818,1.2103831317005351,23.311043470748135,Reference-like
117,0.7140777889373782,1.4573105696576305,25.373089078717605,Reference-like
118,0.8237678108474776,1.671531924640404,24.808073764043886,Reference-like
119,0.7490491896048656,1.2994941270724383,24.977784236809132,Reference-like
120,0.7355670680539931,1.564543712067618,24.007322867737212,Reference-like
121,0.7759673257120586,1.8065477826005156,24.86948782185177,Reference-like
122,0.770085586104947,1.6380287983422226,24.518535433736997,Reference-like
123,0.7612046240905208,1.502518480156359,25.117211318258597,Reference-like
124,0.7113495108072266,1.5049020348517885,25.59759794949454,Reference-like
125,0.8225571803897521,1.6918541652170414,27.583818949013867,Reference-like
126,0.7116326218555975,1.6744641273441356,25.220010406886022,Reference-like
127,0.8594901466608836,1.3383403429289698,23.992333789383068,Reference-like
128,0.7200303677277989,1.0752208551380387,24.369093973983087,Reference-like
129,0.7120433669223151,1.5300787572952415,25.41010717093259,Reference-like
130,0.8438085419607944,1.69008476763721,24.307715613205115,Reference-like
131,0.7050792664325821,1.598383834301301,23.41572015157523,Reference-like
132,0.8415729382927177,1.7358880241442574,24.436989217474355,Reference-like
133,0.6643432735454561,1.7707744748330825,24.86255218569686,Reference-like
134,0.811890815598673,1.1811144682411265,24.28074997245547,Reference-like
135,0.7502621849859091,1.5093961187529483,24.459921434224906,Reference-like
136,0.7811424966173749,1.2864759141234812,24.829144617974446,Reference-like
137,0.756014781585595,1.6028877668117498,25.853937853706668,Reference-like
138,0.6937678954081066,1.1931771658528756,26.53321218627821,Reference-like
139,0.7666157005989795,1.3503026926886892,26.861382370627027,Reference-like
140,0.755783731714643,1.7358594368127653,25.08102217769213,Reference-like
141,0.8530373962440994,1.851068168488641,24.70124302182511,Reference-like
142,0.7985785475477177,1.6290751899170295,26.64235786903882,Reference-like
143,0.7017538269709948,1.6372102919996878,26.270109384219506,Reference-like
144,0.6620630256788442,1.263348297466845,22.552921386687878,Reference-like
145,0.7365296582777721,1.6435084511591924,26.802828462515233,Reference-like
146,0.7537047390209888,1.8257231091142585,23.34387825014213,Reference-like
147,0.6648308780322423,1.4888904602206763,25.46087853872717,Reference-like
148,0.7483652625952953,1.0865115799920246,24.893055952584653,Reference-like
149,0.6847765249747574,1.6339345097660076,25.439917895316217,Reference-like
150,0.7030060106836322,1.3972266165326612,23.72894377373326,Reference-like
151,0.7468660451363414,1.6910284641002478,23.817128744397348,Reference-like
152,0.7752023257758922,1.3939484763255119,24.048552601285188,Reference-like
153,0.7446484820022721,1.2929515355161252,24.33562083358338,Reference-like
154,0.6901061053705576,1.892945026583278,25.042316262366075,Reference-like
155,0.7150137246003707,1.5427959821468444,24.865206340371003,Reference-like
156,0.7389515200233389,1.622833340008685,25.909009252056766,Reference-like
157,0.7234749426194736,1.384836351871064,24.66993796341803,Reference-like
158,0.6349039417632207,1.1969617875602896,26.64024912093343,Reference-like
159,0.8322483856750642,1.4501927920887243,25.69186835566692,Reference-like
160,0.7655625077271768,2.1157761616910475,26.343489893721493,Reference-like
161,0.7436041204259617,1.3088919118799147,23.072264415690913,Reference-like
162,0.7601731817933611,1.3487298509431394,23.293295548482792,Reference-like
163,0.7176713557878737,1.283690399277121,27.024569962087078,Reference-like
164,0.7940819878474725,1.4984054717366766,26.77593296666803,Reference-like
165,0.7538684153823809,1.3277431597343472,26.827748892723587,Reference-like
166,0.776945502184233,1.2925507691347087,24.77159358629967,Reference-like
167,0.7062190873307621,1.2234400538071328,26.11141305703797,Reference-like
168,0.8454708320235065,1.2202864852361717,25.675563084028685,Reference-like
169,0.7174678715439087,1.4025749232470608,24.289127290913356,Reference-like
170,0.7068004615160092,1.5097043255889655,24.002859860306756,Reference-like
171,0.763522841288992,1.4899523781101727,24.71326234376031,Reference-like
172,0.7046218168979201,1.3846457338863334,25.906469470990906,Reference-like
173,0.7750458593812191,1.3044889510402897,25.119198766515073,Reference-like
174,0.7875693561685895,1.1661189437757256,25.652032230855923,Reference-like
175,0.7168688120527077,1.614119733718632,24.08408901214898,Reference-like
176,0.659755894966774,1.1744915124233675,25.05770193599366,Reference-like
177,0.7629861250860741,1.3191366749791182,25.766310950532848,Reference-like
178,0.666923996886552,1.4867840402705368,23.54678056028505,Reference-like
179,0.717408194609892,1.5094797342632829,23.967503961659258,Reference-like
180,0.7307722227885087,1.7012585618428882,24.307729756572222,Reference-like
181,0.7917846056032571,1.2740586290684763,25.63576501349834,Reference-like
182,0.822078431032895,1.0056710999745422,24.043725693435427,Reference-like
183,0.778853606359027,1.4593909227914015,25.44537504804557,Reference-like
184,0.719800740664209,1.5173179574945799,24.813187317529504,Reference-like
185,0.8083891030829904,1.5508841686602426,25.405123194490244,Reference-like
186,0.7294061516938767,1.4024787551855014,24.480930174616454,Reference-like
187,0.7697226071189148,1.4158031038359473,25.347729828275696,Reference-like
188,0.853770039932272,1.6742249406863385,24.60877176139859,Reference-like
189,0.8100606961081972,1.4183849253956897,22.554250557786574,Reference-like
190,0.6995956844541298,1.1258416157948288,24.57818381915043,Reference-like
191,0.7509209189594775,1.8352874624550566,25.392312848516994,Reference-like
192,0.7390449735595568,1.6658811162366978,22.34663762919054,Reference-like
193,0.7617807279054283,1.6541730387773934,23.22569650506419,Reference-like
194,0.8071877021603464,1.5676992814988828,24.50165450331904,Reference-like
195,0.7816390933053142,1.9541385715608792,25.218239506070194,Reference-like
196,0.7624110293150168,1.4081278200919511,23.98018675664225,Reference-like
197,0.7915167908272123,1.3287832348182265,25.08587948466327,Reference-like
198,0.7261171276617442,1.5957959651492784,25.40039452634434,Reference-like
199,0.801876997212895,1.3979967202290506,24.676150077647954,Reference-like
200,0.7010618142108846,1.4111413479847776,25.452760591653824,Reference-like
201,0.7878494308322675,1.315566935164475,26.04352710412679,Reference-like
202,0.8177818929402475,1.5826869806447401,27.25215497506968,Reference-like
203,0.7113105400448213,1.2510690593377165,22.865535701314865,Reference-like
204,0.8248022155744592,1.6308731312708116,24.933298394907453,Reference-like
205,0.763998431315991,1.2749021905403246,27.93490237554019,Reference-like
206,0.7564610590987614,1.5218789589209787,25.87091994867843,Reference-like
207,0.7740504615868357,1.5447768048558264,24.051430653465626,Reference-like
208,0.7735734178567998,1.8764048992950069,26.61450405538597,Reference-like
209,0.8296593313319699,1.397756864713763,23.812474215689704,Reference-like
210,0.7437106539950176,1.511144982457739,26.313029822165138,Reference-like
211,0.6653767685142591,1.8059100638921228,24.810390521705212,Reference-like
212,0.728655946502629,1.2975791249479665,23.014171993761078,Reference-like
213,0.7911585291980957,1.5146635934376809,23.452046920310735,Reference-like
214,0.6852460613968192,1.4328430601419744,27.00282583034727,Reference-like
215,0.7370204324318198,1.1993714093763788,24.705108323096866,Reference-like
216,0.7363638215126165,0.9606226714116857,24.934846160178626,Reference-like
217,0.7384532734895661,1.6392412729626837,27.218747313934415,Reference-like
218,0.8063282514773878,1.446222261889034,23.672168909509995,Reference-like
219,0.878667990162493,1.5118436868028977,25.016715150295536,Reference-like
220,0.7487937456444999,1.539616952153571,24.82676750569127,Reference-like
221,0.7213168996559882,1.3906282117519215,24.960696075740803,Reference-like
222,0.7228287614433118,1.3574308434645672,25.127716273230277,Reference-like
223,0.7372511391289572,1.8007985977165377,21.818836229928387,Reference-like
224,0.8045753425961231,1.7492170384995258,22.51193172111022,Reference-like
225,0.7328656202959826,1.4257118268008417,23.310985966338613,Reference-like
226,0.7111091656204562,1.2778848309068342,27.102724532108347,Reference-like
227,0.796783919657373,1.7543110189988318,25.866006476851883,Reference-like
228,0.6935474114391386,1.3950959467440454,25.587249473473502,Reference-like
229,0.6888936095554027,1.6425996860344776,24.71160952221024,Reference-like
230,0.7312589596225201,1.6421919936406983,25.533115973783246,Reference-like
231,0.7319516917090461,1.7318659606728497,23.702724006880125,Reference-like
232,0.7807967803472132,1.6186202515936767,24.628544272823213,Reference-like
233,0.7663066511121059,1.2497772847229394,26.10883242304828,Reference-like
234,0.7407548931778506,1.3954553958961922,26.258811071004267,Reference-like
235,0.714782815472862,1.218307740727288,23.132044991771316,Reference-like
236,0.780300497567282,1.2439141295007434,27.105753018381236,Reference-like
237,0.6459035296058139,1.8392912736580076,25.25322096064314,Reference-like
238,0.7451643444064804,1.3910161826382101,25.478963337222485,Reference-like
239,0.7481182648787575,1.7206603764033044,25.13707317839445,Reference-like
240,0.7575150880730939,1.4272775575572287,24.93166525153472,Reference-like
241,0.765390088444603,1.1579663214686748,23.382177493473144,Reference-like
242,0.7871632047011358,1.5341730876255883,24.779219996376785,Reference-like
243,0.7509216966532697,1.5695163410723343,24.352288383628768,Reference-like
244,0.7110847637298844,1.5391690510195364,23.825952666861962,Reference-like
245,0.7704126377857236,1.1594832791524319,26.234986764790772,Reference-like
246,0.7736298741206522,1.5512059468627752,26.179229180734616,Reference-like
247,0.8332737222231288,1.7028740130036262,22.790950922402025,Reference-like
248,0.6860211516632149,1.3750362844608643,25.031309260253,Reference-like
249,0.7758829510234562,1.354851237369307,25.224120117372493,Reference-like
250,0.7122308533823338,1.3776964394016105,23.312006683782133,Reference-like
251,0.7038383376944548,1.2296630788767333,23.8289520964272,Reference-like
252,0.802682089830392,1.3101202222336115,28.15885847780487,Reference-like
253,0.7746658950440445,1.5369672247389747,23.969970663782544,Reference-like
254,0.7850154939704496,1.3848724347524453,25.146411777574432,Reference-like
255,0.8780042269134397,1.48078802005507,26.37912799154281,Reference-like
256,0.7148411787437057,1.4930023019006076,27.124960762762612,Reference-like
257,0.7186516471106116,1.8624897115993857,25.84930232254657,Reference-like
258,0.7218766612052866,1.626481547811104,26.167065339552074,Reference-like
259,0.7810904981108598,1.1859550560219088,24.12743538901016,Reference-like
260,0.7376240682224248,1.4851133141799908,25.744806517060812,Reference-like
261,0.7588850500466627,1.2329311282579798,25.456237421207156,Reference-like
262,0.7805292872641911,1.611958089586208,26.296936870665547,Reference-like
263,0.7916961077274453,1.5918360158456872,24.915801146249624,Reference-like
264,0.6669519533242004,1.5859236438265172,25.249225224595733,Reference-like
265,0.7635789418597687,1.244650284835938,23.702732151510084,Reference-like
266,0.8026576426666452,1.492088969228669,25.817800836847148,Reference-like
267,0.751415918806523,1.5059512278991491,26.1259405671712,Reference-like
268,0.7241977635891313,1.5192241553881967,24.44526965355395,Reference-like
269,0.7282751886283843,1.438165575306272,25.266560525960454,Reference-like
270,0.7260625689168261,1.7511512251147041,23.926471237336596,Reference-like
271,0.740656417791932,1.412053788345165,26.73637346122448,Reference-like
272,0.7598277388255787,1.706368907893727,23.217327552355634,Reference-like
273,0.763352513293463,1.6779261591246875,25.09874078713051,Reference-like
274,0.8032740187532675,1.3965423099799255,26.691216928222694,Reference-like
275,0.8649449061809625,1.4274322879120682,24.465396974319074,Reference-like
276,0.822669223855885,1.8159144291461424,24.372567967416078,Reference-like
277,0.7289906591452071,1.4436430782278986,23.38665938675887,Reference-like
278,0.70406740267579,1.2991718466495863,24.078642921875044,Reference-like
279,0.7482657556306609,1.5468429465073041,26.860600591376894,Reference-like
280,0.7000822979630604,1.6968644796953167,24.74321338692939,Reference-like
281,0.7475268145173783,1.6349638984333208,23.652733574125243,Reference-like
282,0.7691204873092026,1.5332904416426112,25.590941516809778,Reference-like
283,0.7644584321953909,1.9910600279821788,24.23471201889842,Reference-like
284,0.7234501522499092,1.375371894715047,24.333427457007694,Reference-like
285,0.7181306436346742,1.7378033062215104,26.704605097587827,Reference-like
286,0.7214626853125262,1.3335288853791543,25.565698667663685,Reference-like
287,0.7223888477859515,1.6265863635511022,25.24350762502156,Reference-like
288,0.6742127942501384,1.8095010402660123,27.155053207714626,Reference-like
289,0.7193605654757806,1.422459688012803,25.343038468869885,Reference-like
290,0.7667228394993513,1.6317088545345662,27.41224544651962,Reference-like
291,0.7411526386252976,1.3403405510923092,23.344816926382567,Reference-like
292,0.713453498002904,1.4933746054252406,27.153469436221346,Reference-like
293,0.7241194350481914,1.5447575903277797,24.9802925247127,Reference-like
294,0.8094196636724043,2.0053864851747245,24.362957472495616,Reference-like
295,0.7255280278740889,1.7088321754138145,25.818269787551575,Reference-like
296,0.8423353662868017,1.6167856370651927,24.568849491055527,Reference-like
297,0.7795327415346155,1.7217407161165816,25.98457861743684,Reference-like
298,0.7753637015553649,1.7133349379178309,26.403154708534807,Reference-like
299,0.8191079495518764,1.6297419775179285,24.799458303619776,Reference-like
300,0.7573356843216661,1.7413017933016715,24.019677194815316,Reference-like
301,0.5794938647098321,1.981998356301792,27.05174068128267,Uncertain
302,0.652276149008584,2.157329720405971,27.083585786681066,Uncertain
303,0.4412115087216065,2.323876069808166,28.161871526053936,Uncertain
304,0.7230603778644369,2.0076665295140996,27.39447058979509,Uncertain
305,0.5699506946968604,2.5732359839290426,26.828468041703488,Uncertain
306,0.5723217220616272,2.282368952914962,27.335896421681444,Uncertain
307,0.5142853108359577,2.1582269978694923,28.93253714974759,Uncertain
308,0.46787877604711525,2.139890902244063,25.739782533109487,Uncertain
309,0.6456037303139874,1.6430439285648677,25.99394067491114,Uncertain
310,0.5801769500051617,2.5696572087703022,26.88164953006862,Uncertain
311,0.5055840378645442,2.664347120832177,24.39357497925076,Uncertain
312,0.3740955234703935,2.2320043350159997,26.0963023961653,Uncertain
313,0.46830137462954297,2.312506934189806,27.438841284788158,Uncertain
314,0.5048737095410618,1.7159086803987318,28.57042319090426,Uncertain
315,0.6020160942366929,2.0702472408661854,30.323946592885797,Uncertain
316,0.4643932186939078,1.6423424487225784,25.75456547421376,Uncertain
317,0.5463531186915602,2.173001834796808,26.565775095858605,Uncertain
318,0.5781644317211438,1.7245381727428668,29.598776287331866,Uncertain
319,0.5434279057285946,2.4351887494764384,27.616905623479866,Uncertain
320,0.5865402575323028,2.270930184069661,27.805875408031167,Uncertain
321,0.6014178207894035,2.4987457590397293,27.353738105462647,Uncertain
322,0.606720300607081,2.073079291713832,29.59221098780905,Uncertain
323,0.49588861583525845,2.6402821298732446,26.92771568884018,Uncertain
324,0.4355379918305562,2.138431324473237,25.774107016545216,Uncertain
325,0.617251483919098,1.904212806209283,26.196869820213397,Uncertain
326,0.39883674152435755,1.964308104225277,22.637017212067878,Uncertain
327,0.42328777412114216,2.328124396843289,28.414440285571498,Uncertain
328,0.5840366049427972,1.8099071570612362,26.914119558944435,Uncertain
329,0.5497117968727546,1.7524905932422372,29.70611694318087,Uncertain
330,0.6201889832460538,2.0337107478511007,27.048394510190157,Uncertain
331,0.5666706246358042,1.487479539472713,26.555080711462924,Uncertain
332,0.49544126016017614,1.7995139970315255,26.49401947280528,Uncertain
333,0.6938149221479619,2.292252858380103,25.971877818390965,Uncertain
334,0.5958066225084927,2.5198066309758005,28.664340629242982,Uncertain
335,0.554770429593614,1.9059189666883278,28.25680196450446,Uncertain
336,0.58147883083374,2.3685579660083196,28.143309243027545,Uncertain
337,0.6339642172255469,1.9394294365318296,29.371309318141787,Uncertain
338,0.565807968375392,2.7225782617875796,25.759461927438778,Uncertain
339,0.68887710425322,2.1593732350387946,25.827447593493993,Uncertain
340,0.5112891332756543,2.003895807541704,27.76349870352345,Uncertain
341,0.5918268390428401,1.9278899988184264,26.95616173393023,Uncertain
342,0.7213816286889492,2.6182629510302133,27.785382605413258,Uncertain
343,0.553040278253456,2.1360093980154784,28.10433235091475,Uncertain
344,0.4681765947841276,2.0227870387729965,23.99654866702034,Uncertain
345,0.5819378498084223,2.2941587819108222,26.130264367861127,Uncertain
346,0.6759189410632027,1.7322703010992977,24.364125215622323,Uncertain
347,0.5679561454847978,2.4141294907836466,30.031069844624163,Uncertain
348,0.5132892589704848,2.423604250029389,26.930684754898728,Uncertain
349,0.5361898160047345,2.365097981246002,28.174181181144156,Uncertain
350,0.4238886274412601,2.542962104917769,29.484164437465413,Uncertain
351,0.4999549838792377,2.2187410600312227,27.88925433530893,Uncertain
352,0.5708539012659126,1.934908453846374,25.791077937711506,Uncertain
353,0.5479556743206844,2.4518187057778094,27.978480278269977,Uncertain
354,0.5203508534331116,2.3315096131945037,21.872623282865863,Uncertain
355,0.6419012560297683,1.5780858663665702,26.34760630547436,Uncertain
356,0.46042640842990856,1.7115955572837285,29.089488217281335,Uncertain
357,0.5125839038950487,2.2039511645192147,26.91554295801747,Uncertain
358,0.5881632661778498,2.1230465673180765,24.690613996460574,Uncertain
359,0.6297013455557713,1.9518730250516063,24.198152582412447,Uncertain
360,0.515750787122727,2.5502279371902934,28.530399135804288,Uncertain
361,0.5221078292473713,1.9952226887044715,26.421056907808712,Uncertain
362,0.7161398386848673,2.214580635669466,27.774074964943924,Uncertain
363,0.6324226763225475,2.171636747707954,26.533724137522736,Uncertain
364,0.5342920120732018,2.078519622175781,26.932999974282286,Uncertain
365,0.6082103634909585,2.11558376574219,28.318752138988042,Uncertain
366,0.5435426735913135,2.1235905570948272,23.403238767842208,Uncertain
367,0.6233062139761986,2.203946542769398,28.796418197747375,Uncertain
368,0.3182995697445049,2.7265124114342183,26.748738669320687,Uncertain
369,0.6386546253390014,1.788028221862341,28.102993029112625,Uncertain
370,0.46572675494610755,1.9128693117912585,30.445256436960214,Uncertain
371,0.5347454079389323,2.1652298619539168,28.56612191523976,Uncertain
372,0.5896545510378084,2.145125671543073,27.656929804439205,Uncertain
373,0.742273246819062,2.0827143608899243,27.36197828408694,Uncertain
374,0.634052351680609,2.431657779887395,29.136654550008686,Uncertain
375,0.6010984177623349,1.757098526180855,29.940176758141973,Uncertain
376,0.45829236855850497,2.19079063957171,25.642303469965157,Uncertain
377,0.5448689322725606,2.198628723091044,27.57844298781049,Uncertain
378,0.5837536603388228,2.584113380717594,27.816361742725164,Uncertain
379,0.5304674691767481,2.389226150486507,29.14104688006435,Uncertain
380,0.45179137478904063,2.2792200209549573,28.262110936159615,Uncertain
381,0.5261949197312007,2.512712043993486,26.72989994334145,Uncertain
382,0.5600461162777234,2.0480784527148392,27.02804228564664,Uncertain
383,0.4622979930483839,1.6679847352217119,29.87010911380495,Uncertain
384,0.4822430921345338,1.8025822951631079,23.123897795513315,Uncertain
385,0.49888306018483985,1.7030730619777505,29.955627288245463,Uncertain
386,0.6307853671474107,1.893554896446683,31.054384449619757,Uncertain
387,0.6285412389593276,2.0025505849474134,22.50106971322757,Uncertain
388,0.7332754058072594,1.6831282599709212,24.038282255477593,Uncertain
389,0.6318056345607712,2.831925721901782,29.491691073318933,Uncertain
390,0.5951127296041888,2.278426302499586,28.536148005804556,Uncertain
391,0.6107142871829413,2.184357427190813,27.187561987113376,Uncertain
392,0.5449925497680382,1.8738106233399972,26.494784861639808,Uncertain
393,0.4145634548643692,2.0704981119615753,25.22053600712835,Uncertain
394,0.46171285462273837,2.153968245346044,29.50560411542028,Uncertain
395,0.6234653284801851,1.628849818913047,25.218669354173393,Uncertain
396,0.6252616950390573,1.8052537819385073,26.595660330005355,Uncertain
397,0.5940041679219642,1.8094966635409095,27.18967591106273,Uncertain
398,0.44327796040654366,1.919589706814636,27.575607481456565,Uncertain
399,0.4225605013174665,2.2321424213881196,26.964651961931974,Uncertain
400,0.5941991963533718,2.1671742402193983,29.45545277395292,Uncertain
401,0.5600179602118326,1.9711783376624241,27.22013550545811,Uncertain
402,0.593463842322911,2.1146580210977115,27.073065044166988,Uncertain
403,0.49384066497545964,1.9011297247347156,24.47531051076055,Uncertain
404,0.6899661394549552,1.7268410293826146,25.752770643967366,Uncertain
405,0.49252741875446426,2.3684773130833325,26.46909057907435,Uncertain
406,0.6498193658138988,1.8979528127268395,27.502189492002845,Uncertain
407,0.48317223573921947,2.7435447383320164,24.862322845746878,Uncertain
408,0.5747856568181623,2.2901330642796296,27.744838375412698,Uncertain
409,0.5351769872897834,2.0610537900799724,27.078860649562397,Uncertain
410,0.5382398398697209,2.389163735038473,30.978941402864432,Uncertain
411,0.5054006571993733,1.6890591061262767,26.841092312967742,Uncertain
412,0.7563767470123455,1.858897629609081,29.950410249799322,Uncertain
413,0.6842160651261153,1.9339235274876017,28.024169542533496,Uncertain
414,0.6802717298502831,1.986261677703754,26.633555351815748,Uncertain
415,0.5034655268841085,1.7955729807921401,25.831300418881188,Uncertain
416,0.4520847786590195,2.110225040477768,25.614048184094443,Uncertain
417,0.5687028729432598,1.6332313061389119,27.59558441798602,Uncertain
418,0.616682316928714,1.5018793072285634,27.67330182572563,Uncertain
419,0.6482135193978634,1.7371076943926385,30.010630296307866,Uncertain
420,0.5835215207492837,1.8884964432724773,26.899615660216128,Uncertain
421,0.5946661530017379,2.1228016174237236,27.969760786403466,Uncertain
422,0.4763461125536507,2.1508082472108234,24.455313905571035,Uncertain
423,0.541101915092104,1.8288277075605632,25.67604610333842,Uncertain
424,0.648887454016835,2.4273930361782807,28.09644861763292,Uncertain
425,0.46261497882619373,2.0050774650915595,29.18357585996253,Uncertain
426,0.5613373530911924,2.795798861994508,27.707972110909868,Uncertain
427,0.5653639293192025,2.0072650607392495,27.240373628608108,Uncertain
428,0.5378024130895566,2.3124326030065774,28.72206417023025,Uncertain
429,0.4871208431593641,1.7006301139326667,23.694830328414067,Uncertain
430,0.5906393061530035,1.768990018147838,23.12479693268553,Uncertain
431,0.5810862883624772,2.847899855229837,26.989072359228192,Uncertain
432,0.6170792619561314,2.1245488075642696,26.821998624255944,Uncertain
433,0.6235261186390215,2.0129176367434045,27.481306165329425,Uncertain
434,0.5757358244956812,1.8995728639070855,28.78567622916574,Uncertain
435,0.5360032194643674,1.8732764521521468,27.965717718426728,Uncertain
436,0.47812256145671705,2.1084543472107384,26.983585806040434,Uncertain
437,0.6368716452665263,2.242409469863986,26.954951474258742,Uncertain
438,0.615421303936023,2.517062264705194,28.004058551433353,Uncertain
439,0.5508282095874705,1.7064491302949523,25.082795406464328,Uncertain
440,0.5255820236516267,1.9171463393522152,26.663451654626197,Uncertain
441,0.5545319939917687,2.2589078263070195,26.873102199493637,Uncertain
442,0.5889201315060962,2.119342324443036,23.44416018056303,Uncertain
443,0.4748531684944997,2.0567737332835154,24.822549462886006,Uncertain
444,0.5979942983996964,2.5592252497031094,29.19377133305517,Uncertain
445,0.5329245703255834,2.5472178410549855,27.2676014229638,Uncertain
446,0.5230331223105569,1.9159792009377181,26.455554564321368,Uncertain
447,0.5189458545167017,2.1511248667126464,27.289033165889755,Uncertain
448,0.5502436816122732,2.231081450923905,29.143163294615416,Uncertain
449,0.625964330835306,1.654530609465029,22.40294195717648,Uncertain
450,0.6247455928991419,1.6899363904753737,26.59542227659317,Uncertain
451,0.4563909579152513,1.5594058687259942,27.97463291076862,Uncertain
452,0.6107324128242118,1.9270468797819842,22.33612387413916,Uncertain
453,0.5063004441398015,2.217541201620764,24.337959176206567,Uncertain
454,0.5646687935823325,2.0954070452481015,28.04272469928196,Uncertain
455,0.5595664294731323,1.8080793177355334,29.153828702996083,Uncertain
456,0.5373176341578424,2.0918086381470204,25.320117673668246,Uncertain
457,0.5145374199046793,1.83455918579193,26.68869709213784,Uncertain
458,0.6869366784113875,1.6884296571205932,24.095589483821865,Uncertain
459,0.6676936261994887,2.0372028968544402,25.79566907041215,Uncertain
460,0.6331923749916861,1.9183153380789408,30.286817484384486,Uncertain
461,0.6042340697071416,1.9536265775562893,30.883154783877906,Uncertain
462,0.501542806159733,2.3226286116027923,27.538726644731685,Uncertain
463,0.6541393031519039,2.568453359018056,27.05760746831838,Uncertain
464,0.4897265703723054,2.237991642881735,25.78011233444621,Uncertain
465,0.7110709798021299,2.1409605993248215,26.342421207638203,Uncertain
466,0.5647744244691927,1.6958621131410911,25.251094730680826,Uncertain
467,0.6460331126355541,1.9029317163085815,25.11556023117251,Uncertain
468,0.592932220202183,2.455711246398899,28.29411595919712,Uncertain
469,0.6296838148644653,1.8729614734291617,24.44074079986468,Uncertain
470,0.670106692156439,2.0031960483473594,26.548500570380916,Uncertain
471,0.6562555313479247,2.266869002820198,27.820597989746894,Uncertain
472,0.7232001875920868,1.9069445308859572,28.670112230546227,Uncertain
473,0.5545610499917668,2.180577683658977,29.751243167542558,Uncertain
474,0.5906268605031699,2.26148882371489,28.930513207157645,Uncertain
475,0.5208037816365693,1.8482370997982982,25.11934345076214,Uncertain
476,0.3926914728499199,2.716862138982097,25.01422494170097,Uncertain
477,0.5322997101131383,2.016956010033324,27.55333205605638,Uncertain
478,0.6152589770031438,2.3581420465079237,25.95046061057591,Uncertain
479,0.5366302628970872,2.18477398514649,26.552355972869616,Uncertain
480,0.6785876460815995,2.2472924854914753,28.322780014889673,Uncertain
481,0.6030305014933931,2.4520421572455975,27.325838805666674,Uncertain
482,0.4462534441635323,2.2199063855257926,25.827557591174706,Uncertain
483,0.5077106654600195,2.275909205626528,29.228909528580544,Uncertain
484,0.551701726138885,2.192649903779689,30.06398690034343,Uncertain
485,0.5692602543590856,2.8805049342541187,28.017917362136778,Uncertain
486,0.4091389792675346,2.32600248633136,27.686085092789,Uncertain
487,0.6531802203266197,2.3019544053809877,26.750779228829206,Uncertain
488,0.45205614109685077,2.0372930228141923,25.46906318242326,Uncertain
489,0.5035581240156223,2.276573521326183,30.00582810783253,Uncertain
490,0.5815737223858385,1.7412350813894448,27.800284802796252,Uncertain
491,0.6457305189316521,1.9170651287041856,26.758769099988747,Uncertain
492,0.5511750555783358,1.864530506075328,28.166904780918948,Uncertain
493,0.5403241481113775,2.2258597331721086,25.40251407995622,Uncertain
494,0.5150033359741272,2.3167144073483317,26.32890032623482,Uncertain
495,0.6881571080986725,1.9801091443156194,27.404432506353395,Uncertain
496,0.6246072665498472,1.6744902801200907,23.830544138434604,Uncertain
497,0.42794749483439243,2.4787752310281546,26.006655337393596,Uncertain
498,0.7546559428534603,1.9307257204027835,27.332192345754667,Uncertain
499,0.6733687962054301,2.701827866447737,30.710706437945518,Uncertain
500,0.6466692984474515,2.407218757743439,28.06654850856213,Uncertain
501,0.6122688860933311,1.93464428510144,25.527242009839846,Uncertain
502,0.5497300434071238,2.0489446132425218,26.184189511210903,Uncertain
503,0.6057109957965373,2.3865915625711533,27.159132395325326,Uncertain
504,0.668202406484421,1.7574932657599485,26.65141297329651,Uncertain
505,0.49265421435177564,1.540039014878082,26.85117476548314,Uncertain
506,0.5402601993293373,2.5540349229726393,28.1354610321986,Uncertain
507,0.46806505405366367,2.6562277699002568,29.197860651945636,Uncertain
508,0.5965678162774893,2.0320547703450504,25.273009373897736,Uncertain
509,0.5202234579143158,2.426624585911256,30.392255350682298,Uncertain
510,0.6734594822617752,1.9533451734641178,24.98468862007978,Uncertain
511,0.5612708997528963,1.5694681903311447,27.581701885532606,Uncertain
512,0.5381917930961065,1.9601890494395273,24.12953447891977,Uncertain
513,0.5910880085255774,1.9401897481014267,24.89414969572148,Uncertain
514,0.32021902293746807,2.091745528484809,30.190052874005538,Uncertain
515,0.6829007371638296,1.9628711230241185,25.916018291348795,Uncertain
516,0.5875019404860019,1.8004843682435125,27.54322541967504,Uncertain
517,0.6112864222707752,2.468079967165292,26.819722662336083,Uncertain
518,0.5337060999858427,1.8366052239730317,25.51161536272825,Uncertain
519,0.5318816886478779,2.2102096520448535,28.64445232721985,Uncertain
520,0.48574568394557244,2.5478065706878565,26.511977518123377,Uncertain
521,0.5482906164521252,1.875836496255653,22.636367531508704,Uncertain
522,0.620723631708884,2.32105316912773,26.493610397187215,Uncertain
523,0.5553592573779897,2.25478176531123,24.187417457604223,Uncertain
524,0.5076757858122964,2.338279403886548,24.74227903829535,Uncertain
525,0.5734846345733304,1.6930254586129787,27.839573968380346,Uncertain
526,0.5471486814162013,1.6154604552283471,29.096530838022908,Uncertain
527,0.4912326738561561,1.8569242688956857,27.361024555015696,Uncertain
528,0.6418909879542972,1.795253454306481,27.111023729726348,Uncertain
529,0.5843053200264459,2.3079316821789435,27.317594799499005,Uncertain
530,0.5206377728733342,1.8517229338053842,27.155058989483475,Uncertain
531,0.4642288790411515,1.2235948549516178,27.785807647483804,Uncertain
532,0.6223147872868957,1.3911202693374487,25.182484731522113,Uncertain
533,0.5995323408804158,2.7172486409135095,27.037428673815736,Uncertain
534,0.49175976470166927,2.045131067668548,29.474777554466733,Uncertain
535,0.4983228656700372,1.860242398004924,26.13106166007234,Uncertain
536,0.4737337113393031,2.1368010947984386,29.924421225245208,Uncertain
537,0.5758463418492824,2.024293949362114,26.47473971595202,Uncertain
538,0.42494473530426746,2.3649329331441478,26.859893045376957,Uncertain
539,0.53556160691275,3.0579322703534584,27.537755235058235,Uncertain
540,0.4898567159923853,1.972092721138337,29.06720227655416,Uncertain
541,0.5590616328430212,1.66851660650479,28.654612082235367,Uncertain
542,0.49654847315688055,2.6619893328652635,28.94408651828637,Uncertain
543,0.5142142483473,2.4843049085205338,27.122139918949326,Uncertain
544,0.6182218940097776,2.2454198451883425,25.476558021016427,Uncertain
545,0.49851601341460305,2.4089882452743483,26.397404402208227,Uncertain
546,0.5177081229406403,1.8134632261951942,27.76247831806823,Uncertain
547,0.7150019935394516,1.7797401257237182,27.043595022010965,Uncertain
548,0.6629776444332344,2.0761075826262854,27.814269233249522,Uncertain
549,0.4650085177482497,2.2284921291622948,26.66314032299181,Uncertain
550,0.628858399654389,2.4562158154694256,31.661214555633507,Uncertain
551,0.5963706538570861,2.19773889497465,27.349891742839205,Uncertain
552,0.5217466965751449,2.2015451530385075,26.468277461749746,Uncertain
553,0.5634768781015692,2.495279260682388,25.188223382496645,Uncertain
554,0.6411902848903237,2.4951345202019595,26.787476651416057,Uncertain
555,0.38025160807931246,1.9176534038716704,29.334590183809997,Uncertain
556,0.5481705550160895,1.8002093303115267,26.09140514178921,Uncertain
557,0.6172496021203643,2.264020070460414,26.56992222149455,Uncertain
558,0.520654047054825,1.9824725552868536,25.339661667902696,Uncertain
559,0.6792300551575554,2.003303859236598,29.190885337485895,Uncertain
560,0.6717052841537962,2.3994932694443882,26.223083437107512,Uncertain
561,0.5822984072269288,2.0927413180827252,25.37333665068577,Uncertain
562,0.5759487425377283,1.7462880626520594,29.137822899230816,Uncertain
563,0.5128306162161286,2.1603478967618517,27.509918168783056,Uncertain
564,0.5292876021036739,2.2760081404425825,26.145173418079455,Uncertain
565,0.6197037837965795,1.6962060959259755,27.227483243183542,Uncertain
566,0.7051143199246628,1.7999006026183277,25.78005905305527,Uncertain
567,0.5911126279727132,2.1538745345818793,27.631134178692406,Uncertain
568,0.5891349704118132,2.290416440568531,28.997459715521202,Uncertain
569,0.582785492554281,2.0276227036144374,28.210632662164915,Uncertain
570,0.7019905547916173,2.060209876085228,25.245847251592846,Uncertain
571,0.6385664535429578,2.0638856508139205,23.089194817174736,Uncertain
572,0.6177937341720338,1.9394015442138233,26.83704009185251,Uncertain
573,0.5765584264455212,2.15714990393372,28.277013270850272,Uncertain
574,0.5151610903544126,2.253931739452825,26.53281598034895,Uncertain
575,0.6091048384710003,2.284610245203916,25.316210336319728,Uncertain
576,0.6368785692940027,1.9392109664657857,28.454504036906062,Uncertain
577,0.5793829850721073,2.6514551030385367,26.597761231730665,Uncertain
578,0.5220546563105443,2.0941741182336804,26.454276390898304,Uncertain
579,0.613995352155364,1.6151068174690237,25.103371645536562,Uncertain
580,0.4645757662736646,2.3850922775920727,30.079104070647467,Uncertain
581,0.5416440625170024,2.0493534830429967,27.126093893603727,Uncertain
582,0.6429502642086553,1.821794059742828,27.429064168922615,Uncertain
583,0.6280158103825945,2.2503282509819535,27.34124690987774,Uncertain
584,0.6300836874053714,1.2890303121002291,28.220175575155633,Uncertain
585,0.49767394534980613,1.550810130943063,27.920164679144964,Uncertain
586,0.6598926836130367,2.0587654456116926,28.71517418496529,Uncertain
587,0.6789822606390916,2.494474336075214,29.95193615286851,Uncertain
588,0.6093701992857514,2.122630091670478,24.116461538585096,Uncertain
589,0.5303150009496042,1.8470260214051426,30.907696891496066,Uncertain
590,0.5359291350054132,2.136961442035346,27.99267367687284,Uncertain
591,0.5534881957097963,2.608515312129226,25.879231148877988,Uncertain
592,0.5655685964189795,1.8772588242905857,24.62395947980273,Uncertain
593,0.5010584727275772,2.0888889608854764,26.227255995868934,Uncertain
594,0.49460632161009155,1.6781047608984498,26.850409969268348,Uncertain
595,0.42962237007751986,2.328016789106881,27.148391555282107,Uncertain
596,0.4333958800428056,2.007237276885041,25.64611846993695,Uncertain
597,0.5755339608335345,2.5021351338069433,23.62468955463766,Uncertain
598,0.5592020863317935,2.051960161330008,28.20841213761084,Uncertain
599,0.5670557302590151,1.8744092004783544,26.425702915800088,Uncertain
600,0.4863179314557209,2.4228021415795795,27.038360967609496,Uncertain
601,0.43308334800271053,2.9787687151648825,27.583186466179075,Suspicious
602,0.19403999251710208,2.3689011133104194,25.83172811398902,Suspicious
603,0.31869886557080385,3.178053758130477,25.837618595935734,Suspicious
604,0.3626526819853281,2.8309286319107962,29.2935860239711,Suspicious
605,0.4128554439778797,3.3138937605529364,28.462938704188335,Suspicious
606,0.23761654422092987,2.246864609534743,27.56169336151516,Suspicious
607,0.28522088328206135,2.654487165497086,28.73748606581539,Suspicious
608,0.30537963180711375,2.9213004063671724,27.69999483835308,Suspicious
609,0.3118058270376709,3.154679227349293,26.819201845114307,Suspicious
610,0.3987652665822389,2.9654941537005084,29.037699245889694,Suspicious
611,0.349575009627959,3.0816256459422258,30.90627326782649,Suspicious
612,0.3200986915641277,2.785646918875847,29.723007050412203,Suspicious
613,0.21993916548755366,3.037995897021783,28.933540018711078,Suspicious
614,0.2854318199909222,2.9550118709963744,25.236301909004723,Suspicious
615,0.2615892564581327,3.0324957153993903,29.319712783994802,Suspicious
616,0.2280627401351829,3.4429977443026454,27.267650303571,Suspicious
617,0.3678620040368716,3.1495180266550897,27.707545380312393,Suspicious
618,0.42427176248266585,2.582227108885232,30.838308347220003,Suspicious
619,0.37004076226300847,2.7652829268231742,31.784930600128657,Suspicious
620,0.2824967439780733,3.10104277024795,29.52064367754244,Suspicious
621,0.2905983880970616,3.2837828956059236,30.586977441104427,Suspicious
622,0.17760276187332733,3.4565190850073533,25.675016023928652,Suspicious
623,0.372278234303916,3.394346797889654,26.818067139569603,Suspicious
624,0.27124299984317907,2.6130033660299223,28.57015793942253,Suspicious
625,0.2784376001069981,3.272881186294269,31.620617492239216,Suspicious
626,0.39769786675529695,2.8032411906975945,28.581556252510943,Suspicious
627,0.18215932654453346,2.717945476726334,30.929703266194917,Suspicious
628,0.4130907976483762,2.567977894842027,27.81507148169421,Suspicious
629,0.2981515970128751,3.0980564055868625,27.380792960156707,Suspicious
630,0.32968427311248627,2.8341562285251793,28.971095458243443,Suspicious
631,0.33823989736025895,3.002247794433828,28.12722821894686,Suspicious
632,0.29232731372519183,2.9690729642781326,28.259977940235746,Suspicious
633,0.2818842756133028,3.559526509676651,30.121838895882476,Suspicious
634,0.27931637773795875,3.2439340415787576,28.33236102048798,Suspicious
635,0.3821187246310649,3.129374767269333,28.78539571199154,Suspicious
636,0.33134018480671945,2.4501933467760253,26.74646506218039,Suspicious
637,0.2164252495520661,3.0500300831672975,32.46502999897018,Suspicious
638,0.4561910102334843,3.223317885504265,30.001688949888916,Suspicious
639,0.17392595860930826,2.810064170093092,27.42443249618352,Suspicious
640,0.2565406681224219,2.941149663495324,28.055818844605746,Suspicious
641,0.16144901327369485,3.261768589641137,26.85451394852039,Suspicious
642,0.31674728048778045,3.7259289344124906,27.161230816827153,Suspicious
643,0.12287987340775688,2.899898522341961,31.20191926999714,Suspicious
644,0.43708432179544154,2.569657641941654,29.993398446473044,Suspicious
645,0.26742826802539627,2.9629180759935525,34.28868669403407,Suspicious
646,0.19479207701233925,3.0888088815231005,29.935386343530865,Suspicious
647,0.3760050427457543,3.0342941037148132,29.616101079008203,Suspicious
648,0.2725846002804746,3.0941944294357877,28.31361544900518,Suspicious
649,0.34351003228992355,2.870636382384728,29.754200787804372,Suspicious
650,0.2979516030420515,3.3941175877702587,28.897212552823028,Suspicious
651,0.17588772722551826,3.441672525249897,27.188535398274762,Suspicious
652,0.2542363562945826,2.791518547084778,31.748876186341633,Suspicious
653,0.1505028050214913,4.098211986780997,31.112113618132103,Suspicious
654,0.3156267239890412,2.9807870997843,29.571108149715315,Suspicious
655,0.3364785699865537,3.22582545508252,30.111208932006896,Suspicious
656,0.3062706476878674,2.930931552892436,28.697453432692978,Suspicious
657,0.28635642037531234,3.3968195339034724,30.187113444561724,Suspicious
658,0.09417279557350036,3.2295652717854164,29.38947238943755,Suspicious
659,0.29869038704878714,2.86401854141889,31.24822543997203,Suspicious
660,0.3663268523486001,2.729492816261737,29.814104574249072,Suspicious
661,0.23198402858210998,2.5171336423238744,27.74656555082007,Suspicious
662,0.3603675430667931,3.33359376588163,30.026170840194585,Suspicious
663,0.3507567050793598,3.1806624004902355,27.717036809554095,Suspicious
664,0.3302345781271758,3.2801433338296886,30.508582659627148,Suspicious
665,0.383223936003225,3.2479063465203724,29.702896415083167,Suspicious
666,0.3749105166821499,2.990717559262829,27.236250697544563,Suspicious
667,0.2885853125239365,2.7392840743177427,27.649643450051236,Suspicious
668,0.28988369304991374,2.7226530276500136,28.38407694072192,Suspicious
669,0.167446973313235,3.0746527975805287,29.00241095072445,Suspicious
670,0.24280379582522665,3.230735983951342,30.875140275253116,Suspicious
671,0.18747080949417178,2.733046327501825,27.461715300425404,Suspicious
672,0.23420678292237945,3.290316194676112,28.612347722454395,Suspicious
673,0.28148396110825724,2.298648172457636,30.270836060418453,Suspicious
674,0.2132519123602569,3.020976420593215,29.554753875916383,Suspicious
675,0.39524610170870556,2.5419128603083108,22.96097568835835,Suspicious
676,0.3128694681327586,3.6301789135287987,31.477892705878876,Suspicious
677,0.3146761590692238,2.8279273350287832,30.61424519327462,Suspicious
678,0.2318517660206872,3.1667252192746767,30.010940318333255,Suspicious
679,0.3742146935249216,3.965881013618877,29.784831934357534,Suspicious
680,0.26437254620047507,2.9910489907328017,25.461848190221765,Suspicious
681,0.2513700808237659,2.8567511466604136,27.951823204130815,Suspicious
682,0.31066484104236053,2.7121530236662297,31.242061334648945,Suspicious
683,0.3000144945442738,2.996744887601485,28.344210566974166,Suspicious
684,0.31086334787012854,3.288784392633672,27.265739568578198,Suspicious
685,0.25393184576473204,2.8936958899281673,26.308258153053572,Suspicious
686,0.24265194981949514,2.8333226942593694,30.748778361425455,Suspicious
687,0.31837929303013474,3.0677564689786405,30.701795924335944,Suspicious
688,0.2903839748120422,3.1366626974751113,28.793556494135007,Suspicious
689,0.31857536445797396,2.7960344698359463,24.122365683447143,Suspicious
690,0.2906004586469587,3.497961847634979,30.852430804483184,Suspicious
691,0.36757782392138194,3.432645752632176,29.177315181922875,Suspicious
692,0.3138120995183917,2.783821836597977,28.3678542879459,Suspicious
693,0.3431039804839799,3.4213595530090855,28.721107448638,Suspicious
694,0.2684867514604012,3.000184785599809,30.20241349785823,Suspicious
695,0.19893016287065207,2.1963366664019666,27.898926301016832,Suspicious
696,0.21455013018600888,2.822150930823441,28.704439362365058,Suspicious
697,0.26827261136838904,3.508363637064761,29.65348952920464,Suspicious
698,0.32103320517275796,3.2177725004151907,26.72233376443846,Suspicious
699,0.3727378251194188,2.973482499712589,30.340961234482425,Suspicious
700,0.22496999368718912,2.4561844318943775,30.63577931605006,Suspicious
701,0.3263486668268262,2.684281955974871,27.26067383745061,Suspicious
702,0.37878043490903385,2.5837058374964355,32.28534590651193,Suspicious
703,0.23695654857464915,3.223437173962934,28.342763048502032,Suspicious
704,0.342223120175764,2.8095600992600325,28.67441418785541,Suspicious
705,0.3028643422777005,2.649234390476485,30.481648690840252,Suspicious
706,0.264075050346989,2.9199900296309935,27.011301250782974,Suspicious
707,0.12063664388432824,2.9331402830899407,33.82523084322583,Suspicious
708,0.35492230015286164,2.993258867092962,28.474218341583466,Suspicious
709,0.30157261249684325,3.1914916903113233,26.638374369382312,Suspicious
710,0.37800251862682105,3.2503834604044353,30.43637145141587,Suspicious
711,0.3306933017166809,3.0068658301928965,30.34572247193364,Suspicious
712,0.34142698936189647,2.8760857511706415,27.8527964542062,Suspicious
713,0.30712994066833904,3.5421570530233155,26.521785848692197,Suspicious
714,0.19727323139732916,3.057666294432781,29.101775403712036,Suspicious
715,0.3121339165059286,3.085383619267975,28.55359549073039,Suspicious
716,0.40429044070214576,2.43968360753322,27.343005950439508,Suspicious
717,0.2927721667895667,2.4248839160960416,28.648291191135858,Suspicious
718,0.4163029116009613,3.0073102709035866,29.461401811437366,Suspicious
719,0.21178846643791938,2.784273507186183,28.249607239352127,Suspicious
720,0.2777599432270636,3.448575328251319,30.11538212145025,Suspicious
721,0.22219794301440776,3.0862766724512016,29.99644349699357,Suspicious
722,0.3798104326964886,3.5531892402989307,26.969811616344263,Suspicious
723,0.24323997421527632,2.5598477493798844,28.531960281786038,Suspicious
724,0.3326450862112434,3.3455670808061857,28.848097952714955,Suspicious
725,0.2776106733721609,3.053115297287059,27.329714196739953,Suspicious
726,0.4462677105186341,2.4373186405086793,29.369481157791448,Suspicious
727,0.4416524353460748,3.002379945595999,28.619921929997012,Suspicious
728,0.2749788204032701,2.9368629113831575,31.74569694935306,Suspicious
729,0.1451696662069345,3.536701795453714,26.15208569509971,Suspicious
730,0.28133433695359095,2.849764452895468,30.17710653954144,Suspicious
731,0.18813129536813766,3.16176043312868,33.04861924657371,Suspicious
732,0.20457781967850325,3.0663971586636385,27.67603564440678,Suspicious
733,0.3298121044335125,3.0067017220955132,27.71702618191138,Suspicious
734,0.33415105994097516,3.63152183842536,28.6181924165454,Suspicious
735,0.3503830559503727,2.5473544647450925,27.087127246363984,Suspicious
736,0.3330684394516264,3.519440609987588,29.71122669757132,Suspicious
737,0.2780859378633792,2.999751991898174,26.499184532060564,Suspicious
738,0.34231607284487564,3.308816571813193,28.09581933433384,Suspicious
739,0.2670970496568349,3.093057380378217,28.12656052791881,Suspicious
740,0.29537071697619244,3.7349026262082803,28.505948598508006,Suspicious
741,0.2749161893585144,2.7733603680276944,30.488383942999874,Suspicious
742,0.2873143078747328,2.7727194365875008,31.642608064546025,Suspicious
743,0.3993722103159546,2.789851751991453,25.266920097278767,Suspicious
744,0.37052595828858453,2.7603795609839987,30.58125119832554,Suspicious
745,0.1620927327601715,3.312409068404758,26.57765614143844,Suspicious
746,0.3511534883346567,3.004995573742752,27.09212116120671,Suspicious
747,0.27150745809512533,3.2402114599348453,29.211788906230467,Suspicious
748,0.3409089086330739,3.6917542045804197,25.8715167765779,Suspicious
749,0.41320488024780366,3.0365245781331245,27.202431903353745,Suspicious
750,0.2068780461982707,2.933807863228038,30.843300223848917,Suspicious
751,0.2910715615735726,3.5289042255865715,26.097648619896884,Suspicious
752,0.29915377365077617,2.5616622944554086,29.727263765249937,Suspicious
753,0.362082117306811,2.8527333722116315,23.791572286745733,Suspicious
754,0.3139263702757546,3.1528584931067285,29.808589509923394,Suspicious
755,0.38650475342755075,2.6251312121228327,30.3604322109009,Suspicious
756,0.38347552587345823,2.377494345597719,29.639303651837956,Suspicious
757,0.264707411829463,2.971467064414424,29.695352967076673,Suspicious
758,0.2658940005120513,2.763502172293436,29.06830483497605,Suspicious
759,0.2238927842796038,2.6199612048901852,30.358746565913005,Suspicious
760,0.21958441753889407,3.233209375318224,29.9251825857079,Suspicious
761,0.1791935289846582,2.762852371682521,31.388218806094745,Suspicious
762,0.23131841282022225,2.8374585081917143,29.924121786503793,Suspicious
763,0.3548373356497817,2.9119613898844263,27.804979610616716,Suspicious
764,0.39956589031889556,3.6086148823291526,30.95771610156359,Suspicious
765,0.3059722699795517,2.7171069974256756,27.339111186886868,Suspicious
766,0.336575987368603,3.1464393773110393,31.80319718589286,Suspicious
767,0.3455315064775297,2.4739218943840635,31.103895235445837,Suspicious
768,0.23013575608799108,2.8656100548166767,29.50040041250339,Suspicious
769,0.4396967242848775,4.088471494601876,30.213446118272365,Suspicious
770,0.2871762366895728,3.187076976968193,30.775310851747673,Suspicious
771,0.2775532662109966,3.6283239745693128,29.460141518382805,Suspicious
772,0.3348420162363976,3.2330734882190613,29.843173221228913,Suspicious
773,0.35872583503287286,2.7839613847085767,27.883396492107938,Suspicious
774,0.22298920369198133,3.153825430717079,30.557873007024227,Suspicious
775,0.332044100630632,3.586072351671638,28.988807962341905,Suspicious
776,0.34681191589147586,2.6179046933512398,28.225800595051197,Suspicious
777,0.3486876430296044,3.2971857387601005,28.412066104671634,Suspicious
778,0.2949880523699353,2.4687441886617165,28.28594159838678,Suspicious
779,0.362326821446385,3.201321755637298,30.00133144276242,Suspicious
780,0.3034841581026672,3.0024721055198618,27.679357721053105,Suspicious
781,0.3489179894141774,3.1473405305362863,29.9840376959856,Suspicious
782,0.26317756101326933,2.2463299780450647,31.19430542350739,Suspicious
783,0.2664813780794117,2.698028482584908,30.386957823827988,Suspicious
784,0.2725591152056609,3.3709777344163174,30.234011899153394,Suspicious
785,0.34784985262403345,2.521915501079813,31.4238879707728,Suspicious
786,0.31828753718636993,2.8707530012638287,29.286776934684504,Suspicious
787,0.17566353369711757,3.143028484018235,26.941256983635856,Suspicious
788,0.20531307999095255,2.467174284823738,31.22537674997985,Suspicious
789,0.2559515624415048,3.5368046984707746,27.928397073895404,Suspicious
790,0.1804849429684937,2.609216446017969,31.471623240013876,Suspicious
791,0.2890871275444333,2.8080994462282898,29.320036451705576,Suspicious
792,0.33512479153172814,3.391089585565861,31.896998459785852,Suspicious
793,0.274816194794764,2.5358833098712865,28.173069677753446,Suspicious
794,0.318219635460802,2.662684375826286,27.085698170209913,Suspicious
795,0.324065151708492,2.982971676950342,29.065593990823174,Suspicious
796,0.24690532657099512,2.9193597500279815,27.15153371146339,Suspicious
797,0.36231388877873505,3.3623372671533134,25.307624275523814,Suspicious
798,0.23493423978653127,2.4762147607184724,27.699952131186205,Suspicious
799,0.2941593421146747,2.4926241731055145,27.156280373749375,Suspicious
800,0.22972298395429508,3.0725435652896302,29.1386886740725,Suspicious
801,0.24947837126639225,3.0618873052487894,27.90663983082547,Suspicious
802,0.2809841422771763,3.585708231604488,31.680922103580695,Suspicious
803,0.20902931341506814,3.290406346257711,30.622793108983185,Suspicious
804,0.2196215697873167,3.286572175314201,32.07586383682511,Suspicious
805,0.221421863562891,2.6788740126450077,31.035322933687006,Suspicious
806,0.31900467175779534,3.1930166963338333,29.681178432800994,Suspicious
807,0.3273487144649701,2.535734755091121,31.094635413242898,Suspicious
808,0.38187129946994414,2.9197132395761902,28.913046100372274,Suspicious
809,0.19282247482109943,3.1799891646062424,30.144114883428287,Suspicious
810,0.2956466288100482,3.393523675954676,28.33184553804012,Suspicious
811,0.339522414812552,2.6431174814577596,28.952895698251524,Suspicious
812,0.28779520194680147,3.0788577727143296,28.26094614233328,Suspicious
813,0.29079691830298326,3.2891165100045274,28.126471525523566,Suspicious
814,0.18753960294829242,3.612354366471897,31.762908157380974,Suspicious
815,0.20954161134260668,3.241397731835818,27.994050458897313,Suspicious
816,0.31844410507317417,3.1029784451547227,28.531184399367355,Suspicious
817,0.24513640340895224,2.758310631689309,27.167616169037515,Suspicious
818,0.24177244542386886,2.9764875984827257,27.568480021778498,Suspicious
819,0.3477436445998834,3.5205361543675746,27.839893517259913,Suspicious
820,0.31675831503747637,3.174889788606027,29.94400454183855,Suspicious
821,0.3053168687541261,3.2599388464259027,29.964497905361313,Suspicious
822,0.2133636304370891,3.3042046225362456,30.774581674533483,Suspicious
823,0.24656997270749928,3.0132782424066606,30.36665798562214,Suspicious
824,0.2853480326294447,3.375542316718104,33.72774498923872,Suspicious
825,0.24498097771555122,2.516634388896179,29.60763719120975,Suspicious
826,0.35050937535883003,2.919196769154331,31.906521326642068,Suspicious
827,0.20629759401937256,3.242521518061064,27.788278358482213,Suspicious
828,0.4203564534345108,3.6973803736088415,27.466686824433303,Suspicious
829,0.2615310004863994,3.3008557604429307,28.22573870042097,Suspicious
830,0.2968212147447433,3.0088859471898437,25.160653687604686,Suspicious
831,0.2990313577734034,2.758595279077539,28.013754355200454,Suspicious
832,0.401054240242817,2.56022258700226,30.626410373495954,Suspicious
833,0.2804725948767734,2.902083941026458,30.580743792103423,Suspicious
834,0.32380359061982233,3.1997145490268357,30.936369321065722,Suspicious
835,0.2768084131771674,2.7857171429222873,26.829698946884402,Suspicious
836,0.2422212629014731,4.0321830488580535,31.489359161473573,Suspicious
837,0.20542479436543848,2.5371397151397503,29.963732123436984,Suspicious
838,0.3383085358164577,3.1921093423610776,28.490088412892604,Suspicious
839,0.29121820179979696,3.114757833455775,29.17178601258666,Suspicious
840,0.1446489739076725,2.919570129298682,27.297187131479372,Suspicious
841,0.31226479932359585,4.044840650911193,29.73496333094861,Suspicious
842,0.27805292196793213,3.322630525692038,29.965375774418426,Suspicious
843,0.3294066143316289,3.212397707625485,33.113087129659085,Suspicious
844,0.2208378095271859,3.1657712268840092,27.147237740036925,Suspicious
845,0.33888588524395735,2.678459720979867,28.16526637278983,Suspicious
846,0.27934370600334657,3.341535851770648,30.836908887884828,Suspicious
847,0.21279978364875307,3.019226938849947,27.580840290501655,Suspicious
848,0.21190465625272656,2.9240440323514703,28.38303442308836,Suspicious
849,0.4698701540441866,3.151535938876244,26.244764998491526,Suspicious
850,0.260465819708034,3.3574841534002893,33.17688554573985,Suspicious
851,0.1889811681433429,2.342026465201334,32.741930350743566,Suspicious
852,0.32727299241596325,2.6960975438432717,30.069258172244872,Suspicious
853,0.11549765826881853,3.0011814273090063,29.65564234568617,Suspicious
854,0.36469890976764807,2.645136416697612,29.171374322806717,Suspicious
855,0.23522027617582886,3.089384314486011,27.209307355273953,Suspicious
856,0.27143294125878453,2.6514646118234197,30.302272483647315,Suspicious
857,0.36009157816596654,2.917882800514905,29.076475989920056,Suspicious
858,0.1985986009756519,2.8951131731976245,28.89959076591651,Suspicious
859,0.48345551637209827,2.610811540979043,31.928354477504875,Suspicious
860,0.3697801141426066,3.0982227415715475,32.51724096839027,Suspicious
861,0.3260473830824804,3.136205718483775,28.89375869396491,Suspicious
862,0.3856498217693039,3.3837642318338093,27.748645425007574,Suspicious
863,0.20765269637808625,2.92895677691152,27.39992287120471,Suspicious
864,0.29555327977692514,3.4331033471394488,28.08539668982642,Suspicious
865,0.29700236330818974,3.0203079571829385,30.69686176441057,Suspicious
866,0.1427177466210776,2.787654896832146,29.422567384558945,Suspicious
867,0.38400552694988027,2.827834143372828,25.246894587916252,Suspicious
868,0.3433798012176295,2.77762316391103,26.620666681819277,Suspicious
869,0.2562958227200743,2.9354161248204527,27.790510670923574,Suspicious
870,0.14561037600306515,3.313973168910496,31.549750082557445,Suspicious
871,0.3456065393937654,2.6018100153513144,28.597016932104964,Suspicious
872,0.2995435079339379,3.2095780363466684,30.33668097743616,Suspicious
873,0.2486078340855053,3.0286984447447463,29.914560809230483,Suspicious
874,0.40190756255027366,3.2465772889386533,30.578113374751037,Suspicious
875,0.3058678639550553,3.493660700821226,29.819525591918996,Suspicious
876,0.23972384628785004,3.491179489543817,30.395806545078056,Suspicious
877,0.2689869185210062,2.832177461410265,29.593151090281523,Suspicious
878,0.33242293566873093,3.0690522929709223,29.622617346885768,Suspicious
879,0.41899701622034663,3.37504010328221,29.38127118253005,Suspicious
880,0.3658917406537238,2.6386166337653614,29.795854099893617,Suspicious
881,0.4266514444813177,2.9236839366126692,27.30473214276183,Suspicious
882,0.2543537777984857,2.6186284369301642,27.43047618374459,Suspicious
883,0.27406443309869793,2.5080515432874755,29.031236667899208,Suspicious
884,0.3631594021650653,2.6822853369485777,32.03856784728354,Suspicious
885,0.33575544619693165,3.36070320496842,27.684330892295726,Suspicious
886,0.3598167658946631,2.6178231348616405,30.780495001673017,Suspicious
887,0.3120287537855472,3.193637926994674,26.648810788750296,Suspicious
888,0.23734511104063766,3.209029876388685,27.1033039915516,Suspicious
889,0.3324244404469386,2.521501767738914,30.696348425333337,Suspicious
890,0.21372336796620434,3.1933049781878333,30.251261867292,Suspicious
891,0.25122597270992975,3.2037092984796542,29.52088452666711,Suspicious
892,0.2622810700665083,2.6470058605733273,25.07474861665484,Suspicious
893,0.3244755033109786,2.452319030023281,29.190688398882617,Suspicious
894,0.28155862487424255,3.2376999714033685,28.39590900102027,Suspicious
895,0.2769386549557036,3.2561547465009033,29.670116058168237,Suspicious
896,0.32213091700279445,3.1642436564329843,25.92885575358579,Suspicious
897,0.35297520759908874,3.2143640779047606,26.966633742847005,Suspicious
898,0.2829143668428059,2.9862424493303292,28.731006431196533,Suspicious
899,0.3233701976597974,3.500978373640914,31.163533455345657,Suspicious
900,0.20814465645980154,3.2177244966071172,31.657866639070818,Suspicious
